ts,dispositivo_id,p_ac_kw,irradiancia_wm2,temp_modulo_c
2026-10-05 00:00:00,1,0.0,0.0,22.0
2026-10-05 00:05:00,1,0.0,0.0,22.0
2026-10-05 00:10:00,1,0.0,0.0,22.0
2026-10-05 00:15:00,1,0.0,0.0,22.0
2026-10-05 00:20:00,1,0.0,0.0,22.0
2026-10-05 00:25:00,1,0.0,0.0,22.0
2026-10-05 00:30:00,1,0.0,0.0,22.0
2026-10-05 00:35:00,1,0.0,0.0,22.0
2026-10-05 00:40:00,1,0.0,0.0,22.0
2026-10-05 00:45:00,1,0.0,0.0,22.0
2026-10-05 00:50:00,1,0.0,0.0,22.0
2026-10-05 00:55:00,1,0.0,0.0,22.0
2026-10-05 01:00:00,1,0.0,0.0,22.0
2026-10-05 01:05:00,1,0.0,0.0,22.0
2026-10-05 01:10:00,1,0.0,0.0,22.0
2026-10-05 01:15:00,1,0.0,0.0,22.0
2026-10-05 01:20:00,1,0.0,0.0,22.0
2026-10-05 01:25:00,1,0.0,0.0,22.0
2026-10-05 01:30:00,1,-1,0.0,22.0
2026-10-05 01:35:00,1,0.0,0.0,22.0
2026-10-05 01:40:00,1,0.0,0.0,22.0
2026-10-05 01:45:00,1,0.0,0.0,22.0
2026-10-05 01:50:00,1,0.0,0.0,22.0
2026-10-05 01:55:00,1,0.0,0.0,22.0
2026-10-05 02:00:00,1,0.0,0.0,22.0
2026-10-05 02:05:00,1,0.0,0.0,22.0
2026-10-05 02:10:00,1,0.0,0.0,22.0
2026-10-05 02:15:00,1,0.0,0.0,22.0
2026-10-05 02:20:00,1,0.0,0.0,22.0
2026-10-05 02:25:00,1,0.0,0.0,22.0
2026-10-05 02:30:00,1,0.0,0.0,22.0
2026-10-05 02:35:00,1,0.0,0.0,22.0
2026-10-05 02:40:00,1,0.0,0.0,22.0
2026-10-05 02:45:00,1,0.0,0.0,22.0
2026-10-05 02:50:00,1,-1,0.0,22.0
2026-10-05 02:55:00,1,0.0,0.0,22.0
2026-10-05 03:00:00,1,0.0,,22.0
2026-10-05 03:05:00,1,0.0,0.0,22.0
2026-10-05 03:10:00,1,0.0,0.0,22.0
2026-10-05 03:15:00,1,0.0,0.0,22.0
2026-10-05 03:20:00,1,0.0,0.0,22.0
2026-10-05 03:25:00,1,0.0,0.0,22.0
2026-10-05 03:30:00,1,0.0,0.0,22.0
2026-10-05 03:35:00,1,0.0,0.0,22.0
2026-10-05 03:40:00,1,0.0,0.0,22.0
2026-10-05 03:45:00,1,0.0,0.0,22.0
2026-10-05 03:50:00,1,0.0,0.0,22.0
2026-10-05 03:55:00,1,0.0,0.0,22.0
2026-10-05 04:00:00,1,0.0,0.0,22.0
2026-10-05 04:05:00,1,0.0,0.0,22.0
2026-10-05 04:10:00,1,0.0,0.0,22.0
2026-10-05 04:15:00,1,0.0,0.0,22.0
2026-10-05 04:20:00,1,0.0,0.0,22.0
2026-10-05 04:25:00,1,0.0,0.0,22.0
2026-10-05 04:30:00,1,0.0,0.0,22.0
2026-10-05 04:35:00,1,0.0,0.0,22.0
2026-10-05 04:40:00,1,0.0,0.0,22.0
2026-10-05 04:45:00,1,0.0,0.0,22.0
2026-10-05 04:50:00,1,0.0,,22.0
2026-10-05 04:55:00,1,0.0,0.0,22.0
2026-10-05 05:00:00,1,0.0,0.0,22.0
2026-10-05 05:05:00,1,0.0,0.0,22.0
2026-10-05 05:10:00,1,0.0,0.0,22.0
2026-10-05 05:15:00,1,0.0,0.0,22.0
2026-10-05 05:20:00,1,0.0,0.0,22.0
2026-10-05 05:25:00,1,0.0,0.0,22.0
2026-10-05 05:30:00,1,0.0,0.0,22.0
2026-10-05 05:35:00,1,0.0,0.0,22.0
2026-10-05 05:40:00,1,0.0,0.0,22.0
2026-10-05 05:45:00,1,0.0,0.0,22.0
2026-10-05 05:50:00,1,0.0,0.0,22.0
2026-10-05 05:55:00,1,0.0,0.0,22.0
2026-10-05 06:00:00,1,0.0,0.0,22.0
2026-10-05 06:05:00,1,0.074,17.8,22.7
2026-10-05 06:10:00,1,0.144,34.6,23.3
2026-10-05 06:15:00,1,0.198,48.8,24.0
2026-10-05 06:20:00,1,0.344,78.2,24.6
2026-10-05 06:25:00,1,0.444,105.3,25.3
2026-10-05 06:30:00,1,0.379,92.2,25.9
2026-10-05 06:35:00,1,0.587,141.3,26.6
2026-10-05 06:40:00,1,0.625,155.7,27.2
2026-10-05 06:45:00,1,-1,194.7,27.9
2026-10-05 06:50:00,1,0.816,195.1,28.5
2026-10-05 06:55:00,1,0.979,233.0,29.1
2026-10-05 07:00:00,1,0.922,207.3,29.8
2026-10-05 07:05:00,1,0.93,224.6,30.4
2026-10-05 07:10:00,1,1.205,268.5,31.0
2026-10-05 07:15:00,1,1.157,266.3,31.6
2026-10-05 07:20:00,1,1.345,318.0,32.3
2026-10-05 07:25:00,1,1.398,335.8,32.9
2026-10-05 07:30:00,1,1.505,334.4,33.5
2026-10-05 07:35:00,1,1.437,331.4,34.1
2026-10-05 07:40:00,1,1.569,364.2,34.7
2026-10-05 07:45:00,1,1.738,431.4,35.3
2026-10-05 07:50:00,1,1.612,389.7,35.9
2026-10-05 07:55:00,1,1.536,374.7,36.4
2026-10-05 08:00:00,1,1.787,441.8,37.0
2026-10-05 08:05:00,1,1.565,374.1,37.6
2026-10-05 08:10:00,1,1.555,385.2,38.1
2026-10-05 08:15:00,1,2.293,553.0,38.7
2026-10-05 08:20:00,1,1.858,421.5,39.2
2026-10-05 08:25:00,1,2.185,535.3,39.7
2026-10-05 08:30:00,1,2.443,593.6,40.3
2026-10-05 08:30:00,1,2.443,593.6,40.3
2026-10-05 08:35:00,1,2.295,570.3,40.8
2026-10-05 08:40:00,1,2.242,532.3,41.3
2026-10-05 08:45:00,1,2.262,507.1,41.8
2026-10-05 08:50:00,1,2.763,626.7,42.3
2026-10-05 08:55:00,1,2.762,631.3,42.7
2026-10-05 09:00:00,1,2.721,633.7,43.2
2026-10-05 09:05:00,1,2.575,614.0,43.7
2026-10-05 09:10:00,1,2.979,686.4,44.1
2026-10-05 09:15:00,1,2.941,657.9,44.6
2026-10-05 09:20:00,1,2.887,705.8,45.0
2026-10-05 09:25:00,1,2.768,668.5,45.4
2026-10-05 09:30:00,1,2.351,577.7,45.8
2026-10-05 09:35:00,1,3.381,760.7,46.2
2026-10-05 09:40:00,1,3.549,794.8,46.6
2026-10-05 09:45:00,1,2.807,680.6,46.9
2026-10-05 09:50:00,1,3.295,789.7,47.3
2026-10-05 09:55:00,1,3.476,796.4,47.6
2026-10-05 10:00:00,1,3.53,796.8,48.0
2026-10-05 10:05:00,1,3.436,825.1,48.3
2026-10-05 10:10:00,1,3.667,831.3,48.6
2026-10-05 10:15:00,1,3.177,715.1,48.9
2026-10-05 10:20:00,1,3.21,734.0,49.2
2026-10-05 10:25:00,1,3.661,840.1,49.5
2026-10-05 10:30:00,1,3.441,766.8,49.7
2026-10-05 10:35:00,1,3.306,796.9,50.0
2026-10-05 10:40:00,1,3.925,935.9,50.2
2026-10-05 10:45:00,1,2.903,696.3,50.4
2026-10-05 10:50:00,1,3.157,748.8,50.6
2026-10-05 10:55:00,1,2.982,702.1,50.8
2026-10-05 10:55:00,1,2.982,702.1,50.8
2026-10-05 11:00:00,1,3.916,880.1,51.0
2026-10-05 11:05:00,1,3.086,729.9,51.1
2026-10-05 11:10:00,1,3.468,861.7,51.3
2026-10-05 11:15:00,1,3.834,916.3,51.4
2026-10-05 11:20:00,1,3.126,731.4,51.5
2026-10-05 11:25:00,1,4.306,977.4,51.7
2026-10-05 11:30:00,1,3.494,826.2,51.7
2026-10-05 11:35:00,1,3.37,795.7,51.8
2026-10-05 11:40:00,1,2.944,715.1,51.9
2026-10-05 11:45:00,1,3.144,722.8,51.9
2026-10-05 11:50:00,1,3.659,861.0,52.0
2026-10-05 11:55:00,1,3.616,862.3,52.0
2026-10-05 12:00:00,1,3.858,919.3,52.0
2026-10-05 12:05:00,1,4.011,981.1,52.0
2026-10-05 12:10:00,1,3.532,816.1,52.0
2026-10-05 12:15:00,1,3.466,789.6,51.9
2026-10-05 12:20:00,1,4.054,980.4,51.9
2026-10-05 12:25:00,1,3.531,832.7,51.8
2026-10-05 12:30:00,1,3.558,842.5,51.7
2026-10-05 12:35:00,1,3.879,938.5,51.7
2026-10-05 12:40:00,1,3.253,790.3,51.5
2026-10-05 12:45:00,1,3.343,777.1,51.4
2026-10-05 12:50:00,1,3.621,852.6,51.3
2026-10-05 12:55:00,1,-1,864.8,51.1
2026-10-05 13:00:00,1,2.901,709.8,51.0
2026-10-05 13:05:00,1,3.905,910.6,50.8
2026-10-05 13:10:00,1,3.439,798.7,50.6
2026-10-05 13:15:00,1,3.779,898.1,50.4
2026-10-05 13:20:00,1,3.528,833.5,50.2
2026-10-05 13:25:00,1,4.108,928.5,50.0
2026-10-05 13:30:00,1,2.878,676.4,49.7
2026-10-05 13:35:00,1,3.218,719.8,49.5
2026-10-05 13:40:00,1,3.617,809.1,49.2
2026-10-05 13:45:00,1,3.647,816.5,48.9
2026-10-05 13:50:00,1,3.536,834.7,48.6
2026-10-05 13:55:00,1,3.271,749.6,48.3
2026-10-05 14:00:00,1,3.385,790.2,48.0
2026-10-05 14:05:00,1,2.936,680.9,47.6
2026-10-05 14:10:00,1,3.262,800.4,47.3
2026-10-05 14:15:00,1,3.254,764.9,46.9
2026-10-05 14:20:00,1,3.061,680.9,46.6
2026-10-05 14:25:00,1,3.052,700.0,46.2
2026-10-05 14:30:00,1,2.808,683.6,45.8
2026-10-05 14:35:00,1,2.626,612.3,45.4
2026-10-05 14:40:00,1,2.742,625.4,45.0
2026-10-05 14:45:00,1,2.137,534.1,44.6
2026-10-05 14:50:00,1,2.818,689.4,44.1
2026-10-05 14:55:00,1,2.369,589.6,43.7
2026-10-05 15:00:00,1,2.766,646.7,43.2
2026-10-05 15:05:00,1,2.281,531.4,42.7
2026-10-05 15:10:00,1,2.928,662.6,42.3
2026-10-05 15:15:00,1,2.608,647.2,41.8
2026-10-05 15:20:00,1,2.328,549.1,41.3
2026-10-05 15:25:00,1,2.359,540.6,40.8
2026-10-05 15:30:00,1,1.981,494.6,40.3
2026-10-05 15:35:00,1,2.047,455.6,39.7
2026-10-05 15:40:00,1,2.144,533.4,39.2
2026-10-05 15:45:00,1,2.007,497.1,38.7
2026-10-05 15:50:00,1,2.292,515.5,38.1
2026-10-05 15:55:00,1,1.819,411.9,37.6
2026-10-05 16:00:00,1,1.882,441.1,37.0
2026-10-05 16:05:00,1,1.677,373.8,36.4
2026-10-05 16:10:00,1,1.617,385.9,35.9
2026-10-05 16:15:00,1,1.345,333.1,35.3
2026-10-05 16:20:00,1,1.776,396.4,34.7
2026-10-05 16:25:00,1,1.321,314.8,34.1
2026-10-05 16:30:00,1,1.435,356.0,33.5
2026-10-05 16:35:00,1,1.159,275.5,32.9
2026-10-05 16:40:00,1,1.04,249.6,32.3
2026-10-05 16:45:00,1,1.168,261.1,31.6
2026-10-05 16:50:00,1,1.073,262.7,31.0
2026-10-05 16:55:00,1,0.943,234.4,30.4
2026-10-05 17:00:00,1,0.864,192.2,29.8
2026-10-05 17:05:00,1,0.767,172.7,29.1
2026-10-05 17:10:00,1,0.84,206.4,28.5
2026-10-05 17:15:00,1,0.606,141.1,27.9
2026-10-05 17:20:00,1,0.772,171.8,27.2
2026-10-05 17:25:00,1,0.596,142.7,26.6
2026-10-05 17:30:00,1,0.414,100.1,25.9
2026-10-05 17:35:00,1,0.431,99.1,25.3
2026-10-05 17:40:00,1,0.304,73.0,24.6
2026-10-05 17:45:00,1,0.259,62.0,24.0
2026-10-05 17:50:00,1,0.16,37.5,23.3
2026-10-05 17:55:00,1,0.08,19.3,22.7
2026-10-05 18:00:00,1,0.0,0.0,22.0
2026-10-05 18:05:00,1,0.0,0.0,22.0
2026-10-05 18:10:00,1,0.0,0.0,22.0
2026-10-05 18:15:00,1,0.0,0.0,22.0
2026-10-05 18:15:00,1,0.0,0.0,22.0
2026-10-05 18:20:00,1,0.0,0.0,22.0
2026-10-05 18:20:00,1,0.0,0.0,22.0
2026-10-05 18:25:00,1,0.0,0.0,22.0
2026-10-05 18:30:00,1,0.0,0.0,22.0
2026-10-05 18:35:00,1,0.0,0.0,22.0
2026-10-05 18:40:00,1,0.0,0.0,22.0
2026-10-05 18:45:00,1,0.0,0.0,22.0
2026-10-05 18:50:00,1,0.0,0.0,22.0
2026-10-05 18:55:00,1,0.0,0.0,22.0
2026-10-05 19:00:00,1,0.0,0.0,22.0
2026-10-05 19:05:00,1,0.0,0.0,22.0
2026-10-05 19:10:00,1,-1,0.0,22.0
2026-10-05 19:15:00,1,0.0,0.0,22.0
2026-10-05 19:20:00,1,0.0,0.0,22.0
2026-10-05 19:25:00,1,0.0,0.0,22.0
2026-10-05 19:30:00,1,0.0,0.0,22.0
2026-10-05 19:35:00,1,0.0,0.0,22.0
2026-10-05 19:40:00,1,0.0,0.0,22.0
2026-10-05 19:45:00,1,0.0,0.0,22.0
2026-10-05 19:50:00,1,0.0,0.0,22.0
2026-10-05 19:55:00,1,-1,0.0,22.0
2026-10-05 20:00:00,1,0.0,0.0,22.0
2026-10-05 20:05:00,1,0.0,0.0,22.0
2026-10-05 20:10:00,1,0.0,0.0,22.0
2026-10-05 20:15:00,1,0.0,0.0,22.0
2026-10-05 20:20:00,1,0.0,0.0,22.0
2026-10-05 20:25:00,1,0.0,0.0,22.0
2026-10-05 20:30:00,1,0.0,0.0,22.0
2026-10-05 20:35:00,1,0.0,0.0,22.0
2026-10-05 20:40:00,1,0.0,0.0,22.0
2026-10-05 20:45:00,1,0.0,0.0,22.0
2026-10-05 20:50:00,1,0.0,0.0,22.0
2026-10-05 20:55:00,1,0.0,0.0,22.0
2026-10-05 21:00:00,1,0.0,0.0,22.0
2026-10-05 21:05:00,1,0.0,0.0,22.0
2026-10-05 21:10:00,1,0.0,0.0,22.0
2026-10-05 21:15:00,1,0.0,0.0,22.0
2026-10-05 21:20:00,1,0.0,0.0,22.0
2026-10-05 21:25:00,1,0.0,0.0,22.0
2026-10-05 21:30:00,1,0.0,0.0,22.0
2026-10-05 21:35:00,1,0.0,0.0,22.0
2026-10-05 21:40:00,1,0.0,0.0,22.0
2026-10-05 21:45:00,1,0.0,0.0,22.0
2026-10-05 21:50:00,1,0.0,0.0,22.0
2026-10-05 21:55:00,1,0.0,0.0,22.0
2026-10-05 22:00:00,1,0.0,0.0,22.0
2026-10-05 22:05:00,1,0.0,0.0,22.0
2026-10-05 22:10:00,1,0.0,0.0,22.0
2026-10-05 22:15:00,1,0.0,0.0,22.0
2026-10-05 22:20:00,1,0.0,0.0,22.0
2026-10-05 22:25:00,1,0.0,0.0,22.0
2026-10-05 22:30:00,1,0.0,0.0,22.0
2026-10-05 22:35:00,1,0.0,0.0,22.0
2026-10-05 22:40:00,1,0.0,0.0,22.0
2026-10-05 22:45:00,1,0.0,0.0,22.0
2026-10-05 22:50:00,1,0.0,0.0,22.0
2026-10-05 22:55:00,1,0.0,0.0,22.0
2026-10-05 23:00:00,1,0.0,0.0,22.0
2026-10-05 23:05:00,1,0.0,0.0,22.0
2026-10-05 23:10:00,1,0.0,0.0,22.0
2026-10-05 23:15:00,1,0.0,0.0,22.0
2026-10-05 23:20:00,1,0.0,0.0,22.0
2026-10-05 23:25:00,1,0.0,0.0,22.0
2026-10-05 23:30:00,1,0.0,0.0,22.0
2026-10-05 23:35:00,1,0.0,0.0,22.0
2026-10-05 23:40:00,1,0.0,0.0,22.0
2026-10-05 23:45:00,1,0.0,0.0,22.0
2026-10-05 23:50:00,1,0.0,0.0,22.0
2026-10-05 23:55:00,1,0.0,0.0,22.0
2026-10-06 00:00:00,1,0.0,0.0,22.0
2026-10-06 00:05:00,1,0.0,0.0,22.0
2026-10-06 00:10:00,1,0.0,0.0,22.0
2026-10-06 00:15:00,1,0.0,0.0,22.0
2026-10-06 00:20:00,1,0.0,0.0,22.0
2026-10-06 00:25:00,1,0.0,0.0,22.0
2026-10-06 00:30:00,1,0.0,0.0,22.0
2026-10-06 00:35:00,1,0.0,0.0,22.0
2026-10-06 00:40:00,1,0.0,0.0,22.0
2026-10-06 00:45:00,1,0.0,0.0,22.0
2026-10-06 00:50:00,1,0.0,,22.0
2026-10-06 00:55:00,1,0.0,0.0,22.0
2026-10-06 01:00:00,1,0.0,0.0,22.0
2026-10-06 01:05:00,1,0.0,0.0,22.0
2026-10-06 01:10:00,1,0.0,0.0,22.0
2026-10-06 01:15:00,1,0.0,0.0,22.0
2026-10-06 01:20:00,1,0.0,0.0,22.0
2026-10-06 01:25:00,1,0.0,0.0,22.0
2026-10-06 01:30:00,1,0.0,0.0,22.0
2026-10-06 01:35:00,1,0.0,0.0,22.0
2026-10-06 01:40:00,1,0.0,0.0,22.0
2026-10-06 01:45:00,1,0.0,0.0,22.0
2026-10-06 01:50:00,1,0.0,0.0,22.0
2026-10-06 01:55:00,1,0.0,0.0,22.0
2026-10-06 02:00:00,1,0.0,0.0,22.0
2026-10-06 02:05:00,1,0.0,0.0,22.0
2026-10-06 02:10:00,1,0.0,0.0,22.0
2026-10-06 02:15:00,1,0.0,0.0,22.0
2026-10-06 02:20:00,1,0.0,0.0,22.0
2026-10-06 02:25:00,1,0.0,0.0,22.0
2026-10-06 02:30:00,1,0.0,0.0,22.0
2026-10-06 02:35:00,1,0.0,0.0,22.0
2026-10-06 02:40:00,1,0.0,0.0,22.0
2026-10-06 02:45:00,1,0.0,0.0,22.0
2026-10-06 02:50:00,1,0.0,0.0,22.0
2026-10-06 02:55:00,1,0.0,0.0,22.0
2026-10-06 03:00:00,1,0.0,0.0,22.0
2026-10-06 03:05:00,1,0.0,0.0,22.0
2026-10-06 03:10:00,1,0.0,0.0,22.0
2026-10-06 03:15:00,1,0.0,0.0,22.0
2026-10-06 03:20:00,1,0.0,0.0,22.0
2026-10-06 03:25:00,1,0.0,0.0,22.0
2026-10-06 03:30:00,1,0.0,0.0,22.0
2026-10-06 03:35:00,1,0.0,0.0,22.0
2026-10-06 03:40:00,1,0.0,0.0,22.0
2026-10-06 03:45:00,1,0.0,0.0,22.0
2026-10-06 03:50:00,1,0.0,0.0,22.0
2026-10-06 03:55:00,1,0.0,0.0,22.0
2026-10-06 04:00:00,1,0.0,0.0,22.0
2026-10-06 04:05:00,1,0.0,0.0,22.0
2026-10-06 04:10:00,1,0.0,0.0,22.0
2026-10-06 04:15:00,1,0.0,0.0,22.0
2026-10-06 04:20:00,1,0.0,0.0,22.0
2026-10-06 04:25:00,1,0.0,0.0,22.0
2026-10-06 04:30:00,1,0.0,0.0,22.0
2026-10-06 04:35:00,1,0.0,0.0,22.0
2026-10-06 04:40:00,1,0.0,0.0,22.0
2026-10-06 04:45:00,1,0.0,0.0,22.0
2026-10-06 04:50:00,1,0.0,0.0,22.0
2026-10-06 04:55:00,1,0.0,0.0,22.0
2026-10-06 05:00:00,1,0.0,0.0,22.0
2026-10-06 05:05:00,1,0.0,0.0,22.0
2026-10-06 05:10:00,1,0.0,0.0,22.0
2026-10-06 05:10:00,1,0.0,0.0,22.0
2026-10-06 05:15:00,1,0.0,0.0,22.0
2026-10-06 05:20:00,1,0.0,0.0,22.0
2026-10-06 05:25:00,1,0.0,0.0,22.0
2026-10-06 05:30:00,1,0.0,0.0,22.0
2026-10-06 05:35:00,1,0.0,0.0,22.0
2026-10-06 05:40:00,1,0.0,0.0,22.0
2026-10-06 05:45:00,1,0.0,0.0,22.0
2026-10-06 05:50:00,1,0.0,0.0,22.0
2026-10-06 05:55:00,1,0.0,0.0,22.0
2026-10-06 06:00:00,1,0.0,0.0,22.0
2026-10-06 06:05:00,1,0.079,19.4,22.7
2026-10-06 06:10:00,1,0.181,41.0,23.3
2026-10-06 06:15:00,1,0.272,64.0,24.0
2026-10-06 06:20:00,1,0.332,80.5,24.6
2026-10-06 06:25:00,1,0.328,81.8,25.3
2026-10-06 06:30:00,1,0.46,108.6,25.9
2026-10-06 06:35:00,1,0.657,147.4,26.6
2026-10-06 06:40:00,1,0.574,140.1,27.2
2026-10-06 06:45:00,1,0.741,179.7,27.9
2026-10-06 06:50:00,1,0.819,184.8,28.5
2026-10-06 06:55:00,1,0.856,,29.1
2026-10-06 07:00:00,1,0.983,241.7,29.8
2026-10-06 07:05:00,1,0.93,221.8,30.4
2026-10-06 07:10:00,1,1.025,239.0,31.0
2026-10-06 07:15:00,1,1.213,293.0,31.6
2026-10-06 07:20:00,1,1.114,254.1,32.3
2026-10-06 07:25:00,1,1.192,269.1,32.9
2026-10-06 07:30:00,1,1.274,298.9,33.5
2026-10-06 07:35:00,1,1.424,328.6,34.1
2026-10-06 07:40:00,1,1.245,296.1,34.7
2026-10-06 07:45:00,1,1.27,312.1,35.3
2026-10-06 07:50:00,1,1.829,410.0,35.9
2026-10-06 07:55:00,1,1.527,381.3,36.4
2026-10-06 08:00:00,1,1.92,444.0,37.0
2026-10-06 08:05:00,1,1.857,432.4,37.6
2026-10-06 08:10:00,1,2.281,520.3,38.1
2026-10-06 08:15:00,1,1.989,492.6,38.7
2026-10-06 08:20:00,1,1.839,433.0,39.2
2026-10-06 08:25:00,1,2.303,534.7,39.7
2026-10-06 08:30:00,1,1.981,441.6,40.3
2026-10-06 08:35:00,1,2.22,522.1,40.8
2026-10-06 08:40:00,1,2.491,585.7,41.3
2026-10-06 08:45:00,1,2.661,605.0,41.8
2026-10-06 08:50:00,1,2.937,657.6,42.3
2026-10-06 08:55:00,1,2.592,578.2,42.7
2026-10-06 09:00:00,1,2.505,596.0,43.2
2026-10-06 09:05:00,1,2.949,666.0,43.7
2026-10-06 09:10:00,1,2.336,531.7,44.1
2026-10-06 09:15:00,1,2.749,624.1,44.6
2026-10-06 09:20:00,1,2.784,651.8,45.0
2026-10-06 09:25:00,1,2.909,646.9,45.4
2026-10-06 09:30:00,1,2.732,640.0,45.8
2026-10-06 09:35:00,1,3.533,785.6,46.2
2026-10-06 09:40:00,1,2.868,678.5,46.6
2026-10-06 09:45:00,1,2.717,654.8,46.9
2026-10-06 09:50:00,1,-1,794.3,47.3
2026-10-06 09:55:00,1,3.358,757.9,47.6
2026-10-06 10:00:00,1,3.205,750.9,48.0
2026-10-06 10:05:00,1,2.822,666.5,48.3
2026-10-06 10:10:00,1,2.857,702.2,48.6
2026-10-06 10:15:00,1,3.861,877.1,48.9
2026-10-06 10:20:00,1,3.187,774.6,49.2
2026-10-06 10:25:00,1,2.863,710.8,49.5
2026-10-06 10:30:00,1,3.285,803.1,49.7
2026-10-06 10:35:00,1,3.412,841.7,50.0
2026-10-06 10:40:00,1,2.959,728.4,50.2
2026-10-06 10:45:00,1,3.75,858.5,50.4
2026-10-06 10:50:00,1,3.364,832.9,50.6
2026-10-06 10:55:00,1,2.823,682.3,50.8
2026-10-06 11:00:00,1,3.447,832.9,51.0
2026-10-06 11:05:00,1,3.639,901.1,51.1
2026-10-06 11:10:00,1,3.575,804.8,51.3
2026-10-06 11:15:00,1,3.214,746.4,51.4
2026-10-06 11:20:00,1,3.372,,51.5
2026-10-06 11:25:00,1,3.554,834.2,51.7
2026-10-06 11:30:00,1,3.607,839.5,51.7
2026-10-06 11:35:00,1,3.306,779.7,51.8
2026-10-06 11:40:00,1,3.968,941.5,51.9
2026-10-06 11:45:00,1,3.043,740.2,51.9
2026-10-06 11:50:00,1,3.564,879.3,52.0
2026-10-06 11:55:00,1,3.576,832.9,52.0
2026-10-06 12:00:00,1,3.624,830.5,52.0
2026-10-06 12:05:00,1,3.237,771.8,52.0
2026-10-06 12:10:00,1,3.444,832.2,52.0
2026-10-06 12:15:00,1,3.293,814.2,51.9
2026-10-06 12:20:00,1,3.469,805.5,51.9
2026-10-06 12:25:00,1,3.583,809.5,51.8
2026-10-06 12:30:00,1,3.968,890.5,51.7
2026-10-06 12:35:00,1,4.032,925.5,51.7
2026-10-06 12:40:00,1,3.517,792.5,51.5
2026-10-06 12:45:00,1,3.933,918.7,51.4
2026-10-06 12:50:00,1,2.934,703.9,51.3
2026-10-06 12:55:00,1,3.524,879.6,51.1
2026-10-06 13:00:00,1,3.628,885.6,51.0
2026-10-06 13:05:00,1,3.789,842.4,50.8
2026-10-06 13:10:00,1,3.468,794.1,50.6
2026-10-06 13:15:00,1,2.775,669.1,50.4
2026-10-06 13:20:00,1,3.524,825.2,50.2
2026-10-06 13:25:00,1,3.407,787.0,50.0
2026-10-06 13:30:00,1,3.301,740.1,49.7
2026-10-06 13:35:00,1,3.435,773.6,49.5
2026-10-06 13:40:00,1,3.19,709.4,49.2
2026-10-06 13:45:00,1,3.436,822.9,48.9
2026-10-06 13:50:00,1,3.358,752.5,48.6
2026-10-06 13:55:00,1,3.492,811.7,48.3
2026-10-06 14:00:00,1,3.421,837.7,48.0
2026-10-06 14:05:00,1,3.375,835.3,47.6
2026-10-06 14:10:00,1,3.447,789.5,47.3
2026-10-06 14:15:00,1,-1,618.4,46.9
2026-10-06 14:20:00,1,3.502,788.4,46.6
2026-10-06 14:25:00,1,2.463,593.0,46.2
2026-10-06 14:30:00,1,2.72,617.4,45.8
2026-10-06 14:35:00,1,2.924,659.6,45.4
2026-10-06 14:40:00,1,2.702,,45.0
2026-10-06 14:45:00,1,2.379,543.2,44.6
2026-10-06 14:50:00,1,2.802,655.0,44.1
2026-10-06 14:55:00,1,2.917,697.9,43.7
2026-10-06 15:00:00,1,2.461,585.1,43.2
2026-10-06 15:05:00,1,2.47,565.8,42.7
2026-10-06 15:10:00,1,2.777,646.5,42.3
2026-10-06 15:15:00,1,2.186,546.0,41.8
2026-10-06 15:20:00,1,2.256,538.2,41.3
2026-10-06 15:25:00,1,2.416,561.4,40.8
2026-10-06 15:30:00,1,2.053,484.6,40.3
2026-10-06 15:35:00,1,2.124,508.5,39.7
2026-10-06 15:40:00,1,2.175,531.4,39.2
2026-10-06 15:45:00,1,1.709,396.0,38.7
2026-10-06 15:45:00,1,1.709,396.0,38.7
2026-10-06 15:50:00,1,1.788,407.6,38.1
2026-10-06 15:55:00,1,2.06,485.6,37.6
2026-10-06 16:00:00,1,1.907,458.1,37.0
2026-10-06 16:05:00,1,1.968,439.5,36.4
2026-10-06 16:10:00,1,-1,340.4,35.9
2026-10-06 16:15:00,1,1.739,433.6,35.3
2026-10-06 16:20:00,1,1.895,422.3,34.7
2026-10-06 16:25:00,1,1.49,366.7,34.1
2026-10-06 16:30:00,1,1.372,322.2,33.5
2026-10-06 16:35:00,1,1.368,322.4,32.9
2026-10-06 16:40:00,1,1.129,270.9,32.3
2026-10-06 16:45:00,1,1.123,280.5,31.6
2026-10-06 16:50:00,1,1.162,284.2,31.0
2026-10-06 16:55:00,1,1.168,269.3,30.4
2026-10-06 17:00:00,1,0.814,194.9,29.8
2026-10-06 17:05:00,1,0.79,183.4,29.1
2026-10-06 17:10:00,1,0.806,189.6,28.5
2026-10-06 17:15:00,1,0.76,175.6,27.9
2026-10-06 17:15:00,1,0.76,175.6,27.9
2026-10-06 17:20:00,1,0.529,129.4,27.2
2026-10-06 17:25:00,1,0.628,148.2,26.6
2026-10-06 17:30:00,1,0.494,121.7,25.9
2026-10-06 17:35:00,1,0.451,102.8,25.3
2026-10-06 17:35:00,1,0.451,102.8,25.3
2026-10-06 17:40:00,1,0.29,,24.6
2026-10-06 17:45:00,1,0.242,58.6,24.0
2026-10-06 17:50:00,1,0.146,35.7,23.3
2026-10-06 17:55:00,1,0.084,18.8,22.7
2026-10-06 18:00:00,1,0.0,0.0,22.0
2026-10-06 18:05:00,1,0.0,0.0,22.0
2026-10-06 18:10:00,1,0.0,0.0,22.0
2026-10-06 18:15:00,1,0.0,0.0,22.0
2026-10-06 18:20:00,1,0.0,0.0,22.0
2026-10-06 18:25:00,1,0.0,0.0,22.0
2026-10-06 18:30:00,1,0.0,0.0,22.0
2026-10-06 18:35:00,1,0.0,0.0,22.0
2026-10-06 18:40:00,1,0.0,0.0,22.0
2026-10-06 18:45:00,1,0.0,0.0,22.0
2026-10-06 18:50:00,1,0.0,0.0,22.0
2026-10-06 18:55:00,1,0.0,0.0,22.0
2026-10-06 19:00:00,1,0.0,,22.0
2026-10-06 19:05:00,1,0.0,0.0,22.0
2026-10-06 19:10:00,1,0.0,0.0,22.0
2026-10-06 19:15:00,1,0.0,0.0,22.0
2026-10-06 19:20:00,1,0.0,0.0,22.0
2026-10-06 19:25:00,1,0.0,0.0,22.0
2026-10-06 19:30:00,1,0.0,0.0,22.0
2026-10-06 19:35:00,1,0.0,0.0,22.0
2026-10-06 19:40:00,1,0.0,0.0,22.0
2026-10-06 19:45:00,1,0.0,0.0,22.0
2026-10-06 19:50:00,1,0.0,0.0,22.0
2026-10-06 19:55:00,1,0.0,0.0,22.0
2026-10-06 20:00:00,1,0.0,0.0,22.0
2026-10-06 20:05:00,1,0.0,0.0,22.0
2026-10-06 20:10:00,1,0.0,0.0,22.0
2026-10-06 20:15:00,1,0.0,0.0,22.0
2026-10-06 20:20:00,1,0.0,0.0,22.0
2026-10-06 20:25:00,1,0.0,0.0,22.0
2026-10-06 20:30:00,1,0.0,0.0,22.0
2026-10-06 20:30:00,1,0.0,0.0,22.0
2026-10-06 20:35:00,1,0.0,0.0,22.0
2026-10-06 20:40:00,1,0.0,0.0,22.0
2026-10-06 20:45:00,1,0.0,0.0,22.0
2026-10-06 20:50:00,1,0.0,0.0,22.0
2026-10-06 20:55:00,1,0.0,0.0,22.0
2026-10-06 21:00:00,1,0.0,0.0,22.0
2026-10-06 21:05:00,1,0.0,0.0,22.0
2026-10-06 21:10:00,1,0.0,0.0,22.0
2026-10-06 21:15:00,1,0.0,0.0,22.0
2026-10-06 21:20:00,1,0.0,0.0,22.0
2026-10-06 21:25:00,1,0.0,0.0,22.0
2026-10-06 21:30:00,1,0.0,0.0,22.0
2026-10-06 21:35:00,1,0.0,0.0,22.0
2026-10-06 21:40:00,1,0.0,0.0,22.0
2026-10-06 21:45:00,1,0.0,0.0,22.0
2026-10-06 21:50:00,1,0.0,0.0,22.0
2026-10-06 21:55:00,1,0.0,0.0,22.0
2026-10-06 22:00:00,1,0.0,0.0,22.0
2026-10-06 22:05:00,1,0.0,0.0,22.0
2026-10-06 22:10:00,1,0.0,0.0,22.0
2026-10-06 22:15:00,1,0.0,0.0,22.0
2026-10-06 22:20:00,1,0.0,0.0,22.0
2026-10-06 22:25:00,1,0.0,0.0,22.0
2026-10-06 22:30:00,1,-1,0.0,22.0
2026-10-06 22:35:00,1,0.0,0.0,22.0
2026-10-06 22:40:00,1,0.0,0.0,22.0
2026-10-06 22:45:00,1,0.0,0.0,22.0
2026-10-06 22:50:00,1,0.0,0.0,22.0
2026-10-06 22:55:00,1,0.0,0.0,22.0
2026-10-06 23:00:00,1,0.0,0.0,22.0
2026-10-06 23:05:00,1,0.0,0.0,22.0
2026-10-06 23:10:00,1,0.0,0.0,22.0
2026-10-06 23:15:00,1,0.0,0.0,22.0
2026-10-06 23:20:00,1,0.0,0.0,22.0
2026-10-06 23:20:00,1,0.0,0.0,22.0
2026-10-06 23:25:00,1,0.0,0.0,22.0
2026-10-06 23:30:00,1,0.0,0.0,22.0
2026-10-06 23:35:00,1,0.0,0.0,22.0
2026-10-06 23:40:00,1,0.0,0.0,22.0
2026-10-06 23:45:00,1,0.0,0.0,22.0
2026-10-06 23:50:00,1,0.0,0.0,22.0
2026-10-06 23:55:00,1,0.0,0.0,22.0
2026-10-07 00:00:00,1,0.0,0.0,22.0
2026-10-07 00:05:00,1,0.0,0.0,22.0
2026-10-07 00:10:00,1,0.0,0.0,22.0
2026-10-07 00:15:00,1,0.0,0.0,22.0
2026-10-07 00:15:00,1,0.0,0.0,22.0
2026-10-07 00:20:00,1,0.0,0.0,22.0
2026-10-07 00:25:00,1,0.0,0.0,22.0
2026-10-07 00:30:00,1,0.0,0.0,22.0
2026-10-07 00:35:00,1,0.0,,22.0
2026-10-07 00:40:00,1,0.0,0.0,22.0
2026-10-07 00:45:00,1,0.0,0.0,22.0
2026-10-07 00:50:00,1,0.0,0.0,22.0
2026-10-07 00:55:00,1,0.0,0.0,22.0
2026-10-07 01:00:00,1,0.0,0.0,22.0
2026-10-07 01:05:00,1,0.0,0.0,22.0
2026-10-07 01:10:00,1,0.0,0.0,22.0
2026-10-07 01:15:00,1,0.0,0.0,22.0
2026-10-07 01:20:00,1,0.0,0.0,22.0
2026-10-07 01:25:00,1,0.0,0.0,22.0
2026-10-07 01:30:00,1,0.0,0.0,22.0
2026-10-07 01:35:00,1,0.0,0.0,22.0
2026-10-07 01:40:00,1,0.0,0.0,22.0
2026-10-07 01:45:00,1,0.0,0.0,22.0
2026-10-07 01:50:00,1,0.0,0.0,22.0
2026-10-07 01:55:00,1,0.0,0.0,22.0
2026-10-07 02:00:00,1,0.0,0.0,22.0
2026-10-07 02:05:00,1,0.0,0.0,22.0
2026-10-07 02:10:00,1,-1,0.0,22.0
2026-10-07 02:15:00,1,0.0,0.0,22.0
2026-10-07 02:20:00,1,0.0,0.0,22.0
2026-10-07 02:25:00,1,0.0,0.0,22.0
2026-10-07 02:30:00,1,0.0,0.0,22.0
2026-10-07 02:35:00,1,0.0,0.0,22.0
2026-10-07 02:40:00,1,0.0,,22.0
2026-10-07 02:45:00,1,0.0,0.0,22.0
2026-10-07 02:50:00,1,0.0,0.0,22.0
2026-10-07 02:55:00,1,0.0,0.0,22.0
2026-10-07 03:00:00,1,0.0,0.0,22.0
2026-10-07 03:05:00,1,0.0,0.0,22.0
2026-10-07 03:10:00,1,0.0,0.0,22.0
2026-10-07 03:15:00,1,0.0,0.0,22.0
2026-10-07 03:20:00,1,0.0,0.0,22.0
2026-10-07 03:25:00,1,0.0,0.0,22.0
2026-10-07 03:30:00,1,0.0,0.0,22.0
2026-10-07 03:35:00,1,0.0,0.0,22.0
2026-10-07 03:40:00,1,0.0,0.0,22.0
2026-10-07 03:45:00,1,0.0,0.0,22.0
2026-10-07 03:50:00,1,0.0,0.0,22.0
2026-10-07 03:55:00,1,0.0,0.0,22.0
2026-10-07 04:00:00,1,0.0,0.0,22.0
2026-10-07 04:05:00,1,0.0,0.0,22.0
2026-10-07 04:10:00,1,0.0,0.0,22.0
2026-10-07 04:15:00,1,0.0,0.0,22.0
2026-10-07 04:20:00,1,0.0,0.0,22.0
2026-10-07 04:25:00,1,0.0,0.0,22.0
2026-10-07 04:30:00,1,0.0,0.0,22.0
2026-10-07 04:35:00,1,0.0,0.0,22.0
2026-10-07 04:40:00,1,0.0,0.0,22.0
2026-10-07 04:45:00,1,0.0,0.0,22.0
2026-10-07 04:50:00,1,0.0,0.0,22.0
2026-10-07 04:55:00,1,0.0,0.0,22.0
2026-10-07 05:00:00,1,0.0,0.0,22.0
2026-10-07 05:05:00,1,0.0,0.0,22.0
2026-10-07 05:10:00,1,0.0,0.0,22.0
2026-10-07 05:15:00,1,0.0,0.0,22.0
2026-10-07 05:20:00,1,0.0,0.0,22.0
2026-10-07 05:25:00,1,0.0,0.0,22.0
2026-10-07 05:30:00,1,0.0,0.0,22.0
2026-10-07 05:35:00,1,0.0,0.0,22.0
2026-10-07 05:40:00,1,0.0,0.0,22.0
2026-10-07 05:45:00,1,0.0,0.0,22.0
2026-10-07 05:50:00,1,0.0,0.0,22.0
2026-10-07 05:55:00,1,0.0,0.0,22.0
2026-10-07 06:00:00,1,0.0,0.0,22.0
2026-10-07 06:05:00,1,0.069,16.1,22.7
2026-10-07 06:10:00,1,0.184,41.0,23.3
2026-10-07 06:15:00,1,0.262,61.3,24.0
2026-10-07 06:20:00,1,0.263,65.5,24.6
2026-10-07 06:25:00,1,0.399,,25.3
2026-10-07 06:30:00,1,0.475,113.0,25.9
2026-10-07 06:35:00,1,0.532,127.0,26.6
2026-10-07 06:40:00,1,0.637,147.2,27.2
2026-10-07 06:45:00,1,0.792,193.1,27.9
2026-10-07 06:50:00,1,-1,209.3,28.5
2026-10-07 06:55:00,1,0.899,207.9,29.1
2026-10-07 07:00:00,1,0.947,211.8,29.8
2026-10-07 07:05:00,1,0.901,201.3,30.4
2026-10-07 07:10:00,1,1.197,275.6,31.0
2026-10-07 07:15:00,1,1.094,256.2,31.6
2026-10-07 07:20:00,1,1.224,285.6,32.3
2026-10-07 07:25:00,1,-1,317.2,32.9
2026-10-07 07:30:00,1,1.409,344.5,33.5
2026-10-07 07:35:00,1,1.483,329.9,34.1
2026-10-07 07:40:00,1,1.69,397.6,34.7
2026-10-07 07:45:00,1,1.32,314.1,35.3
2026-10-07 07:50:00,1,1.75,417.7,35.9
2026-10-07 07:55:00,1,1.726,407.3,36.4
2026-10-07 08:00:00,1,1.984,484.1,37.0
2026-10-07 08:05:00,1,2.023,456.0,37.6
2026-10-07 08:10:00,1,2.018,501.7,38.1
2026-10-07 08:15:00,1,2.019,,38.7
2026-10-07 08:20:00,1,2.211,532.9,39.2
2026-10-07 08:25:00,1,2.463,557.6,39.7
2026-10-07 08:30:00,1,2.181,518.0,40.3
2026-10-07 08:35:00,1,2.538,624.6,40.8
2026-10-07 08:40:00,1,1.861,456.0,41.3
2026-10-07 08:45:00,1,2.615,585.5,41.8
2026-10-07 08:50:00,1,2.157,496.4,42.3
2026-10-07 08:55:00,1,2.766,659.9,42.7
2026-10-07 09:00:00,1,2.828,671.8,43.2
2026-10-07 09:05:00,1,2.451,583.8,43.7
2026-10-07 09:10:00,1,2.785,654.6,44.1
2026-10-07 09:15:00,1,2.724,678.1,44.6
2026-10-07 09:20:00,1,2.998,672.4,45.0
2026-10-07 09:25:00,1,3.159,745.9,45.4
2026-10-07 09:30:00,1,2.778,643.4,45.8
2026-10-07 09:35:00,1,3.115,,46.2
2026-10-07 09:40:00,1,3.097,703.5,46.6
2026-10-07 09:45:00,1,2.573,588.1,46.9
2026-10-07 09:50:00,1,3.528,804.0,47.3
2026-10-07 09:55:00,1,2.562,602.4,47.6
2026-10-07 10:00:00,1,3.324,,48.0
2026-10-07 10:05:00,1,2.675,665.9,48.3
2026-10-07 10:10:00,1,3.114,756.6,48.6
2026-10-07 10:15:00,1,3.076,705.4,48.9
2026-10-07 10:20:00,1,3.287,808.7,49.2
2026-10-07 10:25:00,1,3.851,876.6,49.5
2026-10-07 10:30:00,1,3.358,762.0,49.7
2026-10-07 10:35:00,1,3.422,837.3,50.0
2026-10-07 10:35:00,1,3.422,837.3,50.0
2026-10-07 10:40:00,1,3.579,825.8,50.2
2026-10-07 10:45:00,1,3.414,810.4,50.4
2026-10-07 10:50:00,1,3.207,744.1,50.6
2026-10-07 10:55:00,1,3.092,729.6,50.8
2026-10-07 11:00:00,1,3.348,809.4,51.0
2026-10-07 11:05:00,1,3.342,758.8,51.1
2026-10-07 11:10:00,1,3.784,894.4,51.3
2026-10-07 11:15:00,1,3.406,783.4,51.4
2026-10-07 11:20:00,1,-1,926.0,51.5
2026-10-07 11:25:00,1,3.665,830.1,51.7
2026-10-07 11:30:00,1,3.914,888.2,51.7
2026-10-07 11:35:00,1,3.042,731.8,51.8
2026-10-07 11:40:00,1,3.456,863.2,51.9
2026-10-07 11:45:00,1,3.442,782.1,51.9
2026-10-07 11:50:00,1,3.248,740.2,52.0
2026-10-07 11:55:00,1,3.627,905.6,52.0
2026-10-07 12:00:00,1,3.186,755.4,52.0
2026-10-07 12:05:00,1,3.809,939.9,52.0
2026-10-07 12:10:00,1,3.735,836.5,52.0
2026-10-07 12:15:00,1,4.178,984.6,51.9
2026-10-07 12:20:00,1,3.764,842.1,51.9
2026-10-07 12:25:00,1,3.789,866.5,51.8
2026-10-07 12:25:00,1,3.789,866.5,51.8
2026-10-07 12:30:00,1,4.039,913.2,51.7
2026-10-07 12:35:00,1,4.13,983.8,51.7
2026-10-07 12:40:00,1,3.689,,51.5
2026-10-07 12:45:00,1,3.556,857.6,51.4
2026-10-07 12:50:00,1,3.696,915.3,51.3
2026-10-07 12:55:00,1,4.255,946.7,51.1
2026-10-07 13:00:00,1,3.191,719.3,51.0
2026-10-07 13:05:00,1,3.731,926.4,50.8
2026-10-07 13:10:00,1,3.166,751.1,50.6
2026-10-07 13:15:00,1,4.045,920.6,50.4
2026-10-07 13:20:00,1,2.826,699.5,50.2
2026-10-07 13:25:00,1,3.631,854.6,50.0
2026-10-07 13:30:00,1,3.391,755.6,49.7
2026-10-07 13:35:00,1,3.109,724.0,49.5
2026-10-07 13:40:00,1,2.751,645.1,49.2
2026-10-07 13:45:00,1,3.439,813.7,48.9
2026-10-07 13:50:00,1,2.875,667.6,48.6
2026-10-07 13:55:00,1,3.109,732.0,48.3
2026-10-07 14:00:00,1,2.79,660.8,48.0
2026-10-07 14:05:00,1,2.985,665.2,47.6
2026-10-07 14:10:00,1,3.102,728.4,47.3
2026-10-07 14:15:00,1,2.491,589.4,46.9
2026-10-07 14:20:00,1,3.376,788.4,46.6
2026-10-07 14:25:00,1,3.069,740.9,46.2
2026-10-07 14:30:00,1,3.074,758.0,45.8
2026-10-07 14:35:00,1,2.711,629.4,45.4
2026-10-07 14:40:00,1,3.031,,45.0
2026-10-07 14:45:00,1,2.851,703.7,44.6
2026-10-07 14:50:00,1,2.699,631.7,44.1
2026-10-07 14:55:00,1,2.919,694.6,43.7
2026-10-07 15:00:00,1,2.378,537.8,43.2
2026-10-07 15:05:00,1,2.105,519.7,42.7
2026-10-07 15:10:00,1,2.473,584.9,42.3
2026-10-07 15:15:00,1,2.198,508.6,41.8
2026-10-07 15:20:00,1,2.619,610.6,41.3
2026-10-07 15:25:00,1,2.506,604.9,40.8
2026-10-07 15:30:00,1,2.486,584.5,40.3
2026-10-07 15:35:00,1,2.031,476.7,39.7
2026-10-07 15:40:00,1,1.996,460.6,39.2
2026-10-07 15:45:00,1,1.846,444.7,38.7
2026-10-07 15:50:00,1,2.017,450.8,38.1
2026-10-07 15:55:00,1,1.683,411.5,37.6
2026-10-07 16:00:00,1,1.773,403.6,37.0
2026-10-07 16:05:00,1,1.459,357.1,36.4
2026-10-07 16:10:00,1,1.91,443.8,35.9
2026-10-07 16:15:00,1,1.451,348.7,35.3
2026-10-07 16:20:00,1,1.686,402.8,34.7
2026-10-07 16:25:00,1,1.41,346.3,34.1
2026-10-07 16:30:00,1,1.182,282.7,33.5
2026-10-07 16:35:00,1,1.339,297.9,32.9
2026-10-07 16:35:00,1,1.339,297.9,32.9
2026-10-07 16:40:00,1,1.192,290.1,32.3
2026-10-07 16:45:00,1,1.268,284.5,31.6
2026-10-07 16:50:00,1,1.073,244.7,31.0
2026-10-07 16:55:00,1,1.017,253.7,30.4
2026-10-07 17:00:00,1,1.003,233.6,29.8
2026-10-07 17:05:00,1,0.895,200.7,29.1
2026-10-07 17:10:00,1,0.766,188.9,28.5
2026-10-07 17:15:00,1,0.736,172.0,27.9
2026-10-07 17:20:00,1,0.734,164.0,27.2
2026-10-07 17:20:00,1,0.734,164.0,27.2
2026-10-07 17:25:00,1,0.525,120.6,26.6
2026-10-07 17:30:00,1,0.528,117.5,25.9
2026-10-07 17:35:00,1,0.38,93.1,25.3
2026-10-07 17:40:00,1,0.302,70.8,24.6
2026-10-07 17:45:00,1,0.241,56.3,24.0
2026-10-07 17:45:00,1,0.241,56.3,24.0
2026-10-07 17:50:00,1,0.17,38.5,23.3
2026-10-07 17:55:00,1,0.08,18.9,22.7
2026-10-07 18:00:00,1,0.0,0.0,22.0
2026-10-07 18:05:00,1,0.0,0.0,22.0
2026-10-07 18:10:00,1,0.0,0.0,22.0
2026-10-07 18:15:00,1,-1,0.0,22.0
2026-10-07 18:20:00,1,0.0,0.0,22.0
2026-10-07 18:20:00,1,0.0,0.0,22.0
2026-10-07 18:25:00,1,0.0,0.0,22.0
2026-10-07 18:30:00,1,0.0,0.0,22.0
2026-10-07 18:35:00,1,0.0,0.0,22.0
2026-10-07 18:40:00,1,0.0,0.0,22.0
2026-10-07 18:45:00,1,0.0,0.0,22.0
2026-10-07 18:50:00,1,0.0,0.0,22.0
2026-10-07 18:55:00,1,0.0,0.0,22.0
2026-10-07 19:00:00,1,0.0,0.0,22.0
2026-10-07 19:05:00,1,0.0,0.0,22.0
2026-10-07 19:10:00,1,0.0,0.0,22.0
2026-10-07 19:10:00,1,0.0,0.0,22.0
2026-10-07 19:15:00,1,0.0,0.0,22.0
2026-10-07 19:20:00,1,0.0,0.0,22.0
2026-10-07 19:25:00,1,0.0,0.0,22.0
2026-10-07 19:30:00,1,0.0,0.0,22.0
2026-10-07 19:35:00,1,0.0,0.0,22.0
2026-10-07 19:40:00,1,0.0,0.0,22.0
2026-10-07 19:45:00,1,0.0,,22.0
2026-10-07 19:50:00,1,0.0,0.0,22.0
2026-10-07 19:55:00,1,0.0,0.0,22.0
2026-10-07 20:00:00,1,0.0,0.0,22.0
2026-10-07 20:05:00,1,0.0,0.0,22.0
2026-10-07 20:10:00,1,0.0,0.0,22.0
2026-10-07 20:10:00,1,0.0,0.0,22.0
2026-10-07 20:15:00,1,0.0,0.0,22.0
2026-10-07 20:20:00,1,0.0,0.0,22.0
2026-10-07 20:25:00,1,0.0,0.0,22.0
2026-10-07 20:30:00,1,0.0,0.0,22.0
2026-10-07 20:35:00,1,0.0,0.0,22.0
2026-10-07 20:40:00,1,0.0,0.0,22.0
2026-10-07 20:45:00,1,0.0,0.0,22.0
2026-10-07 20:50:00,1,0.0,0.0,22.0
2026-10-07 20:50:00,1,0.0,0.0,22.0
2026-10-07 20:55:00,1,0.0,0.0,22.0
2026-10-07 21:00:00,1,0.0,0.0,22.0
2026-10-07 21:05:00,1,0.0,0.0,22.0
2026-10-07 21:10:00,1,0.0,0.0,22.0
2026-10-07 21:15:00,1,0.0,0.0,22.0
2026-10-07 21:20:00,1,0.0,0.0,22.0
2026-10-07 21:25:00,1,0.0,0.0,22.0
2026-10-07 21:30:00,1,0.0,0.0,22.0
2026-10-07 21:35:00,1,0.0,0.0,22.0
2026-10-07 21:40:00,1,0.0,0.0,22.0
2026-10-07 21:45:00,1,0.0,0.0,22.0
2026-10-07 21:50:00,1,0.0,0.0,22.0
2026-10-07 21:55:00,1,0.0,0.0,22.0
2026-10-07 22:00:00,1,0.0,0.0,22.0
2026-10-07 22:05:00,1,0.0,0.0,22.0
2026-10-07 22:10:00,1,0.0,0.0,22.0
2026-10-07 22:15:00,1,0.0,0.0,22.0
2026-10-07 22:20:00,1,0.0,0.0,22.0
2026-10-07 22:25:00,1,0.0,0.0,22.0
2026-10-07 22:30:00,1,0.0,0.0,22.0
2026-10-07 22:35:00,1,0.0,0.0,22.0
2026-10-07 22:40:00,1,0.0,0.0,22.0
2026-10-07 22:45:00,1,0.0,0.0,22.0
2026-10-07 22:50:00,1,0.0,0.0,22.0
2026-10-07 22:55:00,1,0.0,0.0,22.0
2026-10-07 23:00:00,1,0.0,0.0,22.0
2026-10-07 23:05:00,1,0.0,0.0,22.0
2026-10-07 23:10:00,1,0.0,0.0,22.0
2026-10-07 23:15:00,1,0.0,0.0,22.0
2026-10-07 23:20:00,1,0.0,0.0,22.0
2026-10-07 23:25:00,1,0.0,0.0,22.0
2026-10-07 23:30:00,1,0.0,0.0,22.0
2026-10-07 23:35:00,1,0.0,0.0,22.0
2026-10-07 23:40:00,1,0.0,0.0,22.0
2026-10-07 23:45:00,1,0.0,0.0,22.0
2026-10-07 23:50:00,1,0.0,0.0,22.0
2026-10-07 23:55:00,1,0.0,0.0,22.0
